# test name, category, real vulnerability, cwe, Benchmark version: 1.2, 2016-06-1
BenchmarkTest020960,unknown,unknown,0
BenchmarkTest020961,unknown,unknown,0
BenchmarkTest020962,unknown,unknown,0
BenchmarkTest020963,unknown,unknown,0
BenchmarkTest020964,unknown,unknown,0
BenchmarkTest020965,unknown,unknown,0
BenchmarkTest020966,unknown,unknown,0
BenchmarkTest020967,unknown,unknown,0
BenchmarkTest020968,unknown,unknown,0
BenchmarkTest020969,unknown,unknown,0
BenchmarkTest0039710,unknown,unknown,0
BenchmarkTest0039711,unknown,unknown,0
BenchmarkTest0039712,unknown,unknown,0
BenchmarkTest0039713,unknown,unknown,0
BenchmarkTest0039714,unknown,unknown,0
BenchmarkTest0039715,unknown,unknown,0
BenchmarkTest0039716,unknown,unknown,0
BenchmarkTest0039717,unknown,unknown,0
BenchmarkTest0039718,unknown,unknown,0
BenchmarkTest0039719,unknown,unknown,0
BenchmarkTest0254420,unknown,unknown,0
BenchmarkTest0254421,unknown,unknown,0
BenchmarkTest0254422,unknown,unknown,0
BenchmarkTest0254423,unknown,unknown,0
BenchmarkTest0254424,unknown,unknown,0
BenchmarkTest0254425,unknown,unknown,0
BenchmarkTest0254426,unknown,unknown,0
BenchmarkTest0254427,unknown,unknown,0
BenchmarkTest0254428,unknown,unknown,0
BenchmarkTest0254429,unknown,unknown,0
BenchmarkTest0241530,unknown,unknown,0
BenchmarkTest0241531,unknown,unknown,0
BenchmarkTest0241532,unknown,unknown,0
BenchmarkTest0241533,unknown,unknown,0
BenchmarkTest0241534,unknown,unknown,0
BenchmarkTest0241535,unknown,unknown,0
BenchmarkTest0241536,unknown,unknown,0
BenchmarkTest0241537,unknown,unknown,0
BenchmarkTest0241538,unknown,unknown,0
BenchmarkTest0241539,unknown,unknown,0
BenchmarkTest0135840,unknown,unknown,0
BenchmarkTest0135841,unknown,unknown,0
BenchmarkTest0135842,unknown,unknown,0
BenchmarkTest0135843,unknown,unknown,0
BenchmarkTest0135844,unknown,unknown,0
BenchmarkTest0135845,unknown,unknown,0
BenchmarkTest0135846,unknown,unknown,0
BenchmarkTest0135847,unknown,unknown,0
BenchmarkTest0135848,unknown,unknown,0
BenchmarkTest0135849,unknown,unknown,0
BenchmarkTest0127450,unknown,unknown,0
BenchmarkTest0127451,unknown,unknown,0
BenchmarkTest0127452,unknown,unknown,0
BenchmarkTest0127453,unknown,unknown,0
BenchmarkTest0127454,unknown,unknown,0
BenchmarkTest0127455,unknown,unknown,0
BenchmarkTest0127456,unknown,unknown,0
BenchmarkTest0127457,unknown,unknown,0
BenchmarkTest0127458,unknown,unknown,0
BenchmarkTest0127459,unknown,unknown,0
BenchmarkTest0069160,unknown,unknown,0
BenchmarkTest0069161,unknown,unknown,0
BenchmarkTest0069162,unknown,unknown,0
BenchmarkTest0069163,unknown,unknown,0
BenchmarkTest0069164,unknown,unknown,0
BenchmarkTest0069165,unknown,unknown,0
BenchmarkTest0069166,unknown,unknown,0
BenchmarkTest0069167,unknown,unknown,0
BenchmarkTest0069168,unknown,unknown,0
BenchmarkTest0069169,unknown,unknown,0
BenchmarkTest0081870,unknown,unknown,0
BenchmarkTest0081871,unknown,unknown,0
BenchmarkTest0081872,unknown,unknown,0
BenchmarkTest0081873,unknown,unknown,0
BenchmarkTest0081874,unknown,unknown,0
BenchmarkTest0081875,unknown,unknown,0
BenchmarkTest0081876,unknown,unknown,0
BenchmarkTest0081877,unknown,unknown,0
BenchmarkTest0081878,unknown,unknown,0
BenchmarkTest0081879,unknown,unknown,0
BenchmarkTest0254980,unknown,unknown,0
BenchmarkTest0254981,unknown,unknown,0
BenchmarkTest0254982,unknown,unknown,0
BenchmarkTest0254983,unknown,unknown,0
BenchmarkTest0254984,unknown,unknown,0
BenchmarkTest0254985,unknown,unknown,0
BenchmarkTest0254986,unknown,unknown,0
BenchmarkTest0254987,unknown,unknown,0
BenchmarkTest0254988,unknown,unknown,0
BenchmarkTest0254989,unknown,unknown,0
BenchmarkTest0097590,unknown,unknown,0
BenchmarkTest0097591,unknown,unknown,0
BenchmarkTest0097592,unknown,unknown,0
BenchmarkTest0097593,unknown,unknown,0
BenchmarkTest0097594,unknown,unknown,0
BenchmarkTest0097595,unknown,unknown,0
BenchmarkTest0097596,unknown,unknown,0
BenchmarkTest0097597,unknown,unknown,0
BenchmarkTest0097598,unknown,unknown,0
BenchmarkTest0097599,unknown,unknown,0
BenchmarkTest00487100,unknown,unknown,0
BenchmarkTest00487101,unknown,unknown,0
BenchmarkTest00487102,unknown,unknown,0
BenchmarkTest00487103,unknown,unknown,0
BenchmarkTest00487104,unknown,unknown,0
BenchmarkTest00487105,unknown,unknown,0
BenchmarkTest00487106,unknown,unknown,0
BenchmarkTest00487107,unknown,unknown,0
BenchmarkTest00487108,unknown,unknown,0
BenchmarkTest00487109,unknown,unknown,0
BenchmarkTest00232110,unknown,unknown,0
BenchmarkTest00232111,unknown,unknown,0
BenchmarkTest00232112,unknown,unknown,0
BenchmarkTest00232113,unknown,unknown,0
BenchmarkTest00232114,unknown,unknown,0
BenchmarkTest00232115,unknown,unknown,0
BenchmarkTest00232116,unknown,unknown,0
BenchmarkTest00232117,unknown,unknown,0
BenchmarkTest00232118,unknown,unknown,0
BenchmarkTest00232119,unknown,unknown,0
BenchmarkTest01272120,unknown,unknown,0
BenchmarkTest01272121,unknown,unknown,0
BenchmarkTest01272122,unknown,unknown,0
BenchmarkTest01272123,unknown,unknown,0
BenchmarkTest01272124,unknown,unknown,0
BenchmarkTest01272125,unknown,unknown,0
BenchmarkTest01272126,unknown,unknown,0
BenchmarkTest01272127,unknown,unknown,0
BenchmarkTest01272128,unknown,unknown,0
BenchmarkTest01272129,unknown,unknown,0
BenchmarkTest02425130,unknown,unknown,0
BenchmarkTest02425131,unknown,unknown,0
BenchmarkTest02425132,unknown,unknown,0
BenchmarkTest02425133,unknown,unknown,0
BenchmarkTest02425134,unknown,unknown,0
BenchmarkTest02425135,unknown,unknown,0
BenchmarkTest02425136,unknown,unknown,0
BenchmarkTest02425137,unknown,unknown,0
BenchmarkTest02425138,unknown,unknown,0
BenchmarkTest02425139,unknown,unknown,0
BenchmarkTest01728140,unknown,unknown,0
BenchmarkTest01728141,unknown,unknown,0
BenchmarkTest01728142,unknown,unknown,0
BenchmarkTest01728143,unknown,unknown,0
BenchmarkTest01728144,unknown,unknown,0
BenchmarkTest01728145,unknown,unknown,0
BenchmarkTest01728146,unknown,unknown,0
BenchmarkTest01728147,unknown,unknown,0
BenchmarkTest01728148,unknown,unknown,0
BenchmarkTest01728149,unknown,unknown,0
BenchmarkTest00057150,unknown,unknown,0
BenchmarkTest00057151,unknown,unknown,0
BenchmarkTest00057152,unknown,unknown,0
BenchmarkTest00057153,unknown,unknown,0
BenchmarkTest00057154,unknown,unknown,0
BenchmarkTest00057155,unknown,unknown,0
BenchmarkTest00057156,unknown,unknown,0
BenchmarkTest00057157,unknown,unknown,0
BenchmarkTest00057158,unknown,unknown,0
BenchmarkTest00057159,unknown,unknown,0
BenchmarkTest02291160,unknown,unknown,0
BenchmarkTest02291161,unknown,unknown,0
BenchmarkTest02291162,unknown,unknown,0
BenchmarkTest02291163,unknown,unknown,0
BenchmarkTest02291164,unknown,unknown,0
BenchmarkTest02291165,unknown,unknown,0
BenchmarkTest02291166,unknown,unknown,0
BenchmarkTest02291167,unknown,unknown,0
BenchmarkTest02291168,unknown,unknown,0
BenchmarkTest02291169,unknown,unknown,0
BenchmarkTest01992170,unknown,unknown,0
BenchmarkTest01992171,unknown,unknown,0
BenchmarkTest01992172,unknown,unknown,0
BenchmarkTest01992173,unknown,unknown,0
BenchmarkTest01992174,unknown,unknown,0
BenchmarkTest01992175,unknown,unknown,0
BenchmarkTest01992176,unknown,unknown,0
BenchmarkTest01992177,unknown,unknown,0
BenchmarkTest01992178,unknown,unknown,0
BenchmarkTest01992179,unknown,unknown,0
BenchmarkTest02500180,unknown,unknown,0
BenchmarkTest02500181,unknown,unknown,0
BenchmarkTest02500182,unknown,unknown,0
BenchmarkTest02500183,unknown,unknown,0
BenchmarkTest02500184,unknown,unknown,0
BenchmarkTest02500185,unknown,unknown,0
BenchmarkTest02500186,unknown,unknown,0
BenchmarkTest02500187,unknown,unknown,0
BenchmarkTest02500188,unknown,unknown,0
BenchmarkTest02500189,unknown,unknown,0
BenchmarkTest02140190,unknown,unknown,0
BenchmarkTest02140191,unknown,unknown,0
BenchmarkTest02140192,unknown,unknown,0
BenchmarkTest02140193,unknown,unknown,0
BenchmarkTest02140194,unknown,unknown,0
BenchmarkTest02140195,unknown,unknown,0
BenchmarkTest02140196,unknown,unknown,0
BenchmarkTest02140197,unknown,unknown,0
BenchmarkTest02140198,unknown,unknown,0
BenchmarkTest02140199,unknown,unknown,0
BenchmarkTest00614200,unknown,unknown,0
BenchmarkTest00614201,unknown,unknown,0
BenchmarkTest00614202,unknown,unknown,0
BenchmarkTest00614203,unknown,unknown,0
BenchmarkTest00614204,unknown,unknown,0
BenchmarkTest00614205,unknown,unknown,0
BenchmarkTest00614206,unknown,unknown,0
BenchmarkTest00614207,unknown,unknown,0
BenchmarkTest00614208,unknown,unknown,0
BenchmarkTest00614209,unknown,unknown,0
BenchmarkTest01484210,unknown,unknown,0
BenchmarkTest01484211,unknown,unknown,0
BenchmarkTest01484212,unknown,unknown,0
BenchmarkTest01484213,unknown,unknown,0
BenchmarkTest01484214,unknown,unknown,0
BenchmarkTest01484215,unknown,unknown,0
BenchmarkTest01484216,unknown,unknown,0
BenchmarkTest01484217,unknown,unknown,0
BenchmarkTest01484218,unknown,unknown,0
BenchmarkTest01484219,unknown,unknown,0
BenchmarkTest00654220,unknown,unknown,0
BenchmarkTest00654221,unknown,unknown,0
BenchmarkTest00654222,unknown,unknown,0
BenchmarkTest00654223,unknown,unknown,0
BenchmarkTest00654224,unknown,unknown,0
BenchmarkTest00654225,unknown,unknown,0
BenchmarkTest00654226,unknown,unknown,0
BenchmarkTest00654227,unknown,unknown,0
BenchmarkTest00654228,unknown,unknown,0
BenchmarkTest00654229,unknown,unknown,0
BenchmarkTest02653230,unknown,unknown,0
BenchmarkTest02653231,unknown,unknown,0
BenchmarkTest02653232,unknown,unknown,0
BenchmarkTest02653233,unknown,unknown,0
BenchmarkTest02653234,unknown,unknown,0
BenchmarkTest02653235,unknown,unknown,0
BenchmarkTest02653236,unknown,unknown,0
BenchmarkTest02653237,unknown,unknown,0
BenchmarkTest02653238,unknown,unknown,0
BenchmarkTest02653239,unknown,unknown,0
BenchmarkTest01623240,unknown,unknown,0
BenchmarkTest01623241,unknown,unknown,0
BenchmarkTest01623242,unknown,unknown,0
BenchmarkTest01623243,unknown,unknown,0
BenchmarkTest01623244,unknown,unknown,0
BenchmarkTest01623245,unknown,unknown,0
BenchmarkTest01623246,unknown,unknown,0
BenchmarkTest01623247,unknown,unknown,0
BenchmarkTest01623248,unknown,unknown,0
BenchmarkTest01623249,unknown,unknown,0
BenchmarkTest00998250,unknown,unknown,0
BenchmarkTest00998251,unknown,unknown,0
BenchmarkTest00998252,unknown,unknown,0
BenchmarkTest00998253,unknown,unknown,0
BenchmarkTest00998254,unknown,unknown,0
BenchmarkTest00998255,unknown,unknown,0
BenchmarkTest00998256,unknown,unknown,0
BenchmarkTest00998257,unknown,unknown,0
BenchmarkTest00998258,unknown,unknown,0
BenchmarkTest00998259,unknown,unknown,0
BenchmarkTest00068260,unknown,unknown,0
BenchmarkTest00068261,unknown,unknown,0
BenchmarkTest00068262,unknown,unknown,0
BenchmarkTest00068263,unknown,unknown,0
BenchmarkTest00068264,unknown,unknown,0
BenchmarkTest00068265,unknown,unknown,0
BenchmarkTest00068266,unknown,unknown,0
BenchmarkTest00068267,unknown,unknown,0
BenchmarkTest00068268,unknown,unknown,0
BenchmarkTest00068269,unknown,unknown,0
BenchmarkTest01575270,unknown,unknown,0
BenchmarkTest01575271,unknown,unknown,0
BenchmarkTest01575272,unknown,unknown,0
BenchmarkTest01575273,unknown,unknown,0
BenchmarkTest01575274,unknown,unknown,0
BenchmarkTest01575275,unknown,unknown,0
BenchmarkTest01575276,unknown,unknown,0
BenchmarkTest01575277,unknown,unknown,0
BenchmarkTest01575278,unknown,unknown,0
BenchmarkTest01575279,unknown,unknown,0
BenchmarkTest01083280,unknown,unknown,0
BenchmarkTest01083281,unknown,unknown,0
BenchmarkTest01083282,unknown,unknown,0
BenchmarkTest01083283,unknown,unknown,0
BenchmarkTest01083284,unknown,unknown,0
BenchmarkTest01083285,unknown,unknown,0
BenchmarkTest01083286,unknown,unknown,0
BenchmarkTest01083287,unknown,unknown,0
BenchmarkTest01083288,unknown,unknown,0
BenchmarkTest01083289,unknown,unknown,0
BenchmarkTest01486290,unknown,unknown,0
BenchmarkTest01486291,unknown,unknown,0
BenchmarkTest01486292,unknown,unknown,0
BenchmarkTest01486293,unknown,unknown,0
BenchmarkTest01486294,unknown,unknown,0
BenchmarkTest01486295,unknown,unknown,0
BenchmarkTest01486296,unknown,unknown,0
BenchmarkTest01486297,unknown,unknown,0
BenchmarkTest01486298,unknown,unknown,0
BenchmarkTest01486299,unknown,unknown,0
BenchmarkTest01973300,unknown,unknown,0
BenchmarkTest01973301,unknown,unknown,0
BenchmarkTest01973302,unknown,unknown,0
BenchmarkTest01973303,unknown,unknown,0
BenchmarkTest01973304,unknown,unknown,0
BenchmarkTest01973305,unknown,unknown,0
BenchmarkTest01973306,unknown,unknown,0
BenchmarkTest01973307,unknown,unknown,0
BenchmarkTest01973308,unknown,unknown,0
BenchmarkTest01973309,unknown,unknown,0
BenchmarkTest01183310,unknown,unknown,0
BenchmarkTest01183311,unknown,unknown,0
BenchmarkTest01183312,unknown,unknown,0
BenchmarkTest01183313,unknown,unknown,0
BenchmarkTest01183314,unknown,unknown,0
BenchmarkTest01183315,unknown,unknown,0
BenchmarkTest01183316,unknown,unknown,0
BenchmarkTest01183317,unknown,unknown,0
BenchmarkTest01183318,unknown,unknown,0
BenchmarkTest01183319,unknown,unknown,0
BenchmarkTest02354320,unknown,unknown,0
BenchmarkTest02354321,unknown,unknown,0
BenchmarkTest02354322,unknown,unknown,0
BenchmarkTest02354323,unknown,unknown,0
BenchmarkTest02354324,unknown,unknown,0
BenchmarkTest02354325,unknown,unknown,0
BenchmarkTest02354326,unknown,unknown,0
BenchmarkTest02354327,unknown,unknown,0
BenchmarkTest02354328,unknown,unknown,0
BenchmarkTest02354329,unknown,unknown,0
BenchmarkTest02284330,unknown,unknown,0
BenchmarkTest02284331,unknown,unknown,0
BenchmarkTest02284332,unknown,unknown,0
BenchmarkTest02284333,unknown,unknown,0
BenchmarkTest02284334,unknown,unknown,0
BenchmarkTest02284335,unknown,unknown,0
BenchmarkTest02284336,unknown,unknown,0
BenchmarkTest02284337,unknown,unknown,0
BenchmarkTest02284338,unknown,unknown,0
BenchmarkTest02284339,unknown,unknown,0
BenchmarkTest00819340,unknown,unknown,0
BenchmarkTest00819341,unknown,unknown,0
BenchmarkTest00819342,unknown,unknown,0
BenchmarkTest00819343,unknown,unknown,0
BenchmarkTest00819344,unknown,unknown,0
BenchmarkTest00819345,unknown,unknown,0
BenchmarkTest00819346,unknown,unknown,0
BenchmarkTest00819347,unknown,unknown,0
BenchmarkTest00819348,unknown,unknown,0
BenchmarkTest00819349,unknown,unknown,0
BenchmarkTest02625350,unknown,unknown,0
BenchmarkTest02625351,unknown,unknown,0
BenchmarkTest02625352,unknown,unknown,0
BenchmarkTest02625353,unknown,unknown,0
BenchmarkTest02625354,unknown,unknown,0
BenchmarkTest02625355,unknown,unknown,0
BenchmarkTest02625356,unknown,unknown,0
BenchmarkTest02625357,unknown,unknown,0
BenchmarkTest02625358,unknown,unknown,0
BenchmarkTest02625359,unknown,unknown,0
BenchmarkTest00688360,unknown,unknown,0
BenchmarkTest00688361,unknown,unknown,0
BenchmarkTest00688362,unknown,unknown,0
BenchmarkTest00688363,unknown,unknown,0
BenchmarkTest00688364,unknown,unknown,0
BenchmarkTest00688365,unknown,unknown,0
BenchmarkTest00688366,unknown,unknown,0
BenchmarkTest00688367,unknown,unknown,0
BenchmarkTest00688368,unknown,unknown,0
BenchmarkTest00688369,unknown,unknown,0
BenchmarkTest01680370,unknown,unknown,0
BenchmarkTest01680371,unknown,unknown,0
BenchmarkTest01680372,unknown,unknown,0
BenchmarkTest01680373,unknown,unknown,0
BenchmarkTest01680374,unknown,unknown,0
BenchmarkTest01680375,unknown,unknown,0
BenchmarkTest01680376,unknown,unknown,0
BenchmarkTest01680377,unknown,unknown,0
BenchmarkTest01680378,unknown,unknown,0
BenchmarkTest01680379,unknown,unknown,0
BenchmarkTest02002380,unknown,unknown,0
BenchmarkTest02002381,unknown,unknown,0
BenchmarkTest02002382,unknown,unknown,0
BenchmarkTest02002383,unknown,unknown,0
BenchmarkTest02002384,unknown,unknown,0
BenchmarkTest02002385,unknown,unknown,0
BenchmarkTest02002386,unknown,unknown,0
BenchmarkTest02002387,unknown,unknown,0
BenchmarkTest02002388,unknown,unknown,0
BenchmarkTest02002389,unknown,unknown,0
BenchmarkTest01098390,unknown,unknown,0
BenchmarkTest01098391,unknown,unknown,0
BenchmarkTest01098392,unknown,unknown,0
BenchmarkTest01098393,unknown,unknown,0
BenchmarkTest01098394,unknown,unknown,0
BenchmarkTest01098395,unknown,unknown,0
BenchmarkTest01098396,unknown,unknown,0
BenchmarkTest01098397,unknown,unknown,0
BenchmarkTest01098398,unknown,unknown,0
BenchmarkTest01098399,unknown,unknown,0
BenchmarkTest00898400,unknown,unknown,0
BenchmarkTest00898401,unknown,unknown,0
BenchmarkTest00898402,unknown,unknown,0
BenchmarkTest00898403,unknown,unknown,0
BenchmarkTest00898404,unknown,unknown,0
BenchmarkTest00898405,unknown,unknown,0
BenchmarkTest00898406,unknown,unknown,0
BenchmarkTest00898407,unknown,unknown,0
BenchmarkTest00898408,unknown,unknown,0
BenchmarkTest00898409,unknown,unknown,0
BenchmarkTest02423410,unknown,unknown,0
BenchmarkTest02423411,unknown,unknown,0
BenchmarkTest02423412,unknown,unknown,0
BenchmarkTest02423413,unknown,unknown,0
BenchmarkTest02423414,unknown,unknown,0
BenchmarkTest02423415,unknown,unknown,0
BenchmarkTest02423416,unknown,unknown,0
BenchmarkTest02423417,unknown,unknown,0
BenchmarkTest02423418,unknown,unknown,0
BenchmarkTest02423419,unknown,unknown,0
BenchmarkTest02099420,unknown,unknown,0
BenchmarkTest02099421,unknown,unknown,0
BenchmarkTest02099422,unknown,unknown,0
BenchmarkTest02099423,unknown,unknown,0
BenchmarkTest02099424,unknown,unknown,0
BenchmarkTest02099425,unknown,unknown,0
BenchmarkTest02099426,unknown,unknown,0
BenchmarkTest02099427,unknown,unknown,0
BenchmarkTest02099428,unknown,unknown,0
BenchmarkTest02099429,unknown,unknown,0
BenchmarkTest01222430,unknown,unknown,0
BenchmarkTest01222431,unknown,unknown,0
BenchmarkTest01222432,unknown,unknown,0
BenchmarkTest01222433,unknown,unknown,0
BenchmarkTest01222434,unknown,unknown,0
BenchmarkTest01222435,unknown,unknown,0
BenchmarkTest01222436,unknown,unknown,0
BenchmarkTest01222437,unknown,unknown,0
BenchmarkTest01222438,unknown,unknown,0
BenchmarkTest01222439,unknown,unknown,0
BenchmarkTest01677440,unknown,unknown,0
BenchmarkTest01677441,unknown,unknown,0
BenchmarkTest01677442,unknown,unknown,0
BenchmarkTest01677443,unknown,unknown,0
BenchmarkTest01677444,unknown,unknown,0
BenchmarkTest01677445,unknown,unknown,0
BenchmarkTest01677446,unknown,unknown,0
BenchmarkTest01677447,unknown,unknown,0
BenchmarkTest01677448,unknown,unknown,0
BenchmarkTest01677449,unknown,unknown,0
BenchmarkTest00489450,unknown,unknown,0
BenchmarkTest00489451,unknown,unknown,0
BenchmarkTest00489452,unknown,unknown,0
BenchmarkTest00489453,unknown,unknown,0
BenchmarkTest00489454,unknown,unknown,0
BenchmarkTest00489455,unknown,unknown,0
BenchmarkTest00489456,unknown,unknown,0
BenchmarkTest00489457,unknown,unknown,0
BenchmarkTest00489458,unknown,unknown,0
BenchmarkTest00489459,unknown,unknown,0
BenchmarkTest02185460,unknown,unknown,0
BenchmarkTest02185461,unknown,unknown,0
BenchmarkTest02185462,unknown,unknown,0
BenchmarkTest02185463,unknown,unknown,0
BenchmarkTest02185464,unknown,unknown,0
BenchmarkTest02185465,unknown,unknown,0
BenchmarkTest02185466,unknown,unknown,0
BenchmarkTest02185467,unknown,unknown,0
BenchmarkTest02185468,unknown,unknown,0
BenchmarkTest02185469,unknown,unknown,0
BenchmarkTest01932470,unknown,unknown,0
BenchmarkTest01932471,unknown,unknown,0
BenchmarkTest01932472,unknown,unknown,0
BenchmarkTest01932473,unknown,unknown,0
BenchmarkTest01932474,unknown,unknown,0
BenchmarkTest01932475,unknown,unknown,0
BenchmarkTest01932476,unknown,unknown,0
BenchmarkTest01932477,unknown,unknown,0
BenchmarkTest01932478,unknown,unknown,0
BenchmarkTest01932479,unknown,unknown,0
BenchmarkTest02173480,unknown,unknown,0
BenchmarkTest02173481,unknown,unknown,0
BenchmarkTest02173482,unknown,unknown,0
BenchmarkTest02173483,unknown,unknown,0
BenchmarkTest02173484,unknown,unknown,0
BenchmarkTest02173485,unknown,unknown,0
BenchmarkTest02173486,unknown,unknown,0
BenchmarkTest02173487,unknown,unknown,0
BenchmarkTest02173488,unknown,unknown,0
BenchmarkTest02173489,unknown,unknown,0
BenchmarkTest01855490,unknown,unknown,0
BenchmarkTest01855491,unknown,unknown,0
BenchmarkTest01855492,unknown,unknown,0
BenchmarkTest01855493,unknown,unknown,0
BenchmarkTest01855494,unknown,unknown,0
BenchmarkTest01855495,unknown,unknown,0
BenchmarkTest01855496,unknown,unknown,0
BenchmarkTest01855497,unknown,unknown,0
BenchmarkTest01855498,unknown,unknown,0
BenchmarkTest01855499,unknown,unknown,0
BenchmarkTest02369500,unknown,unknown,0
BenchmarkTest02369501,unknown,unknown,0
BenchmarkTest02369502,unknown,unknown,0
BenchmarkTest02369503,unknown,unknown,0
BenchmarkTest02369504,unknown,unknown,0
BenchmarkTest02369505,unknown,unknown,0
BenchmarkTest02369506,unknown,unknown,0
BenchmarkTest02369507,unknown,unknown,0
BenchmarkTest02369508,unknown,unknown,0
BenchmarkTest02369509,unknown,unknown,0
BenchmarkTest02097510,unknown,unknown,0
BenchmarkTest02097511,unknown,unknown,0
BenchmarkTest02097512,unknown,unknown,0
BenchmarkTest02097513,unknown,unknown,0
BenchmarkTest02097514,unknown,unknown,0
BenchmarkTest02097515,unknown,unknown,0
BenchmarkTest02097516,unknown,unknown,0
BenchmarkTest02097517,unknown,unknown,0
BenchmarkTest02097518,unknown,unknown,0
BenchmarkTest02097519,unknown,unknown,0
BenchmarkTest00193520,unknown,unknown,0
BenchmarkTest00193521,unknown,unknown,0
BenchmarkTest00193522,unknown,unknown,0
BenchmarkTest00193523,unknown,unknown,0
BenchmarkTest00193524,unknown,unknown,0
BenchmarkTest00193525,unknown,unknown,0
BenchmarkTest00193526,unknown,unknown,0
BenchmarkTest00193527,unknown,unknown,0
BenchmarkTest00193528,unknown,unknown,0
BenchmarkTest00193529,unknown,unknown,0
BenchmarkTest00233530,unknown,unknown,0
BenchmarkTest00233531,unknown,unknown,0
BenchmarkTest00233532,unknown,unknown,0
BenchmarkTest00233533,unknown,unknown,0
BenchmarkTest00233534,unknown,unknown,0
BenchmarkTest00233535,unknown,unknown,0
BenchmarkTest00233536,unknown,unknown,0
BenchmarkTest00233537,unknown,unknown,0
BenchmarkTest00233538,unknown,unknown,0
BenchmarkTest00233539,unknown,unknown,0
BenchmarkTest01317540,unknown,unknown,0
BenchmarkTest01317541,unknown,unknown,0
BenchmarkTest01317542,unknown,unknown,0
BenchmarkTest01317543,unknown,unknown,0
BenchmarkTest01317544,unknown,unknown,0
BenchmarkTest01317545,unknown,unknown,0
BenchmarkTest01317546,unknown,unknown,0
BenchmarkTest01317547,unknown,unknown,0
BenchmarkTest01317548,unknown,unknown,0
BenchmarkTest01317549,unknown,unknown,0
BenchmarkTest01681550,unknown,unknown,0
BenchmarkTest01681551,unknown,unknown,0
BenchmarkTest01681552,unknown,unknown,0
BenchmarkTest01681553,unknown,unknown,0
BenchmarkTest01681554,unknown,unknown,0
BenchmarkTest01681555,unknown,unknown,0
BenchmarkTest01681556,unknown,unknown,0
BenchmarkTest01681557,unknown,unknown,0
BenchmarkTest01681558,unknown,unknown,0
BenchmarkTest01681559,unknown,unknown,0
BenchmarkTest01459560,unknown,unknown,0
BenchmarkTest01459561,unknown,unknown,0
BenchmarkTest01459562,unknown,unknown,0
BenchmarkTest01459563,unknown,unknown,0
BenchmarkTest01459564,unknown,unknown,0
BenchmarkTest01459565,unknown,unknown,0
BenchmarkTest01459566,unknown,unknown,0
BenchmarkTest01459567,unknown,unknown,0
BenchmarkTest01459568,unknown,unknown,0
BenchmarkTest01459569,unknown,unknown,0
BenchmarkTest00490570,unknown,unknown,0
BenchmarkTest00490571,unknown,unknown,0
BenchmarkTest00490572,unknown,unknown,0
BenchmarkTest00490573,unknown,unknown,0
BenchmarkTest00490574,unknown,unknown,0
BenchmarkTest00490575,unknown,unknown,0
BenchmarkTest00490576,unknown,unknown,0
BenchmarkTest00490577,unknown,unknown,0
BenchmarkTest00490578,unknown,unknown,0
BenchmarkTest00490579,unknown,unknown,0
BenchmarkTest01275580,unknown,unknown,0
BenchmarkTest01275581,unknown,unknown,0
BenchmarkTest01275582,unknown,unknown,0
BenchmarkTest01275583,unknown,unknown,0
BenchmarkTest01275584,unknown,unknown,0
BenchmarkTest01275585,unknown,unknown,0
BenchmarkTest01275586,unknown,unknown,0
BenchmarkTest01275587,unknown,unknown,0
BenchmarkTest01275588,unknown,unknown,0
BenchmarkTest01275589,unknown,unknown,0
BenchmarkTest02001590,unknown,unknown,0
BenchmarkTest02001591,unknown,unknown,0
BenchmarkTest02001592,unknown,unknown,0
BenchmarkTest02001593,unknown,unknown,0
BenchmarkTest02001594,unknown,unknown,0
BenchmarkTest02001595,unknown,unknown,0
BenchmarkTest02001596,unknown,unknown,0
BenchmarkTest02001597,unknown,unknown,0
BenchmarkTest02001598,unknown,unknown,0
BenchmarkTest02001599,unknown,unknown,0
BenchmarkTest02209600,unknown,unknown,0
BenchmarkTest02209601,unknown,unknown,0
BenchmarkTest02209602,unknown,unknown,0
BenchmarkTest02209603,unknown,unknown,0
BenchmarkTest02209604,unknown,unknown,0
BenchmarkTest02209605,unknown,unknown,0
BenchmarkTest02209606,unknown,unknown,0
BenchmarkTest02209607,unknown,unknown,0
BenchmarkTest02209608,unknown,unknown,0
BenchmarkTest02209609,unknown,unknown,0
BenchmarkTest01823610,unknown,unknown,0
BenchmarkTest01823611,unknown,unknown,0
BenchmarkTest01823612,unknown,unknown,0
BenchmarkTest01823613,unknown,unknown,0
BenchmarkTest01823614,unknown,unknown,0
BenchmarkTest01823615,unknown,unknown,0
BenchmarkTest01823616,unknown,unknown,0
BenchmarkTest01823617,unknown,unknown,0
BenchmarkTest01823618,unknown,unknown,0
BenchmarkTest01823619,unknown,unknown,0
BenchmarkTest01356620,unknown,unknown,0
BenchmarkTest01356621,unknown,unknown,0
BenchmarkTest01356622,unknown,unknown,0
BenchmarkTest01356623,unknown,unknown,0
BenchmarkTest01356624,unknown,unknown,0
BenchmarkTest01356625,unknown,unknown,0
BenchmarkTest01356626,unknown,unknown,0
BenchmarkTest01356627,unknown,unknown,0
BenchmarkTest01356628,unknown,unknown,0
BenchmarkTest01356629,unknown,unknown,0
BenchmarkTest00973630,unknown,unknown,0
BenchmarkTest00973631,unknown,unknown,0
BenchmarkTest00973632,unknown,unknown,0
BenchmarkTest00973633,unknown,unknown,0
BenchmarkTest00973634,unknown,unknown,0
BenchmarkTest00973635,unknown,unknown,0
BenchmarkTest00973636,unknown,unknown,0
BenchmarkTest00973637,unknown,unknown,0
BenchmarkTest00973638,unknown,unknown,0
BenchmarkTest00973639,unknown,unknown,0
BenchmarkTest01320640,unknown,unknown,0
BenchmarkTest01320641,unknown,unknown,0
BenchmarkTest01320642,unknown,unknown,0
BenchmarkTest01320643,unknown,unknown,0
BenchmarkTest01320644,unknown,unknown,0
BenchmarkTest01320645,unknown,unknown,0
BenchmarkTest01320646,unknown,unknown,0
BenchmarkTest01320647,unknown,unknown,0
BenchmarkTest01320648,unknown,unknown,0
BenchmarkTest01320649,unknown,unknown,0
BenchmarkTest01084650,unknown,unknown,0
BenchmarkTest01084651,unknown,unknown,0
BenchmarkTest01084652,unknown,unknown,0
BenchmarkTest01084653,unknown,unknown,0
BenchmarkTest01084654,unknown,unknown,0
BenchmarkTest01084655,unknown,unknown,0
BenchmarkTest01084656,unknown,unknown,0
BenchmarkTest01084657,unknown,unknown,0
BenchmarkTest01084658,unknown,unknown,0
BenchmarkTest01084659,unknown,unknown,0
BenchmarkTest00356660,unknown,unknown,0
BenchmarkTest00356661,unknown,unknown,0
BenchmarkTest00356662,unknown,unknown,0
BenchmarkTest00356663,unknown,unknown,0
BenchmarkTest00356664,unknown,unknown,0
BenchmarkTest00356665,unknown,unknown,0
BenchmarkTest00356666,unknown,unknown,0
BenchmarkTest00356667,unknown,unknown,0
BenchmarkTest00356668,unknown,unknown,0
BenchmarkTest00356669,unknown,unknown,0
BenchmarkTest01603670,unknown,unknown,0
BenchmarkTest01603671,unknown,unknown,0
BenchmarkTest01603672,unknown,unknown,0
BenchmarkTest01603673,unknown,unknown,0
BenchmarkTest01603674,unknown,unknown,0
BenchmarkTest01603675,unknown,unknown,0
BenchmarkTest01603676,unknown,unknown,0
BenchmarkTest01603677,unknown,unknown,0
BenchmarkTest01603678,unknown,unknown,0
BenchmarkTest01603679,unknown,unknown,0
BenchmarkTest01842680,unknown,unknown,0
BenchmarkTest01842681,unknown,unknown,0
BenchmarkTest01842682,unknown,unknown,0
BenchmarkTest01842683,unknown,unknown,0
BenchmarkTest01842684,unknown,unknown,0
BenchmarkTest01842685,unknown,unknown,0
BenchmarkTest01842686,unknown,unknown,0
BenchmarkTest01842687,unknown,unknown,0
BenchmarkTest01842688,unknown,unknown,0
BenchmarkTest01842689,unknown,unknown,0
BenchmarkTest01518690,unknown,unknown,0
BenchmarkTest01518691,unknown,unknown,0
BenchmarkTest01518692,unknown,unknown,0
BenchmarkTest01518693,unknown,unknown,0
BenchmarkTest01518694,unknown,unknown,0
BenchmarkTest01518695,unknown,unknown,0
BenchmarkTest01518696,unknown,unknown,0
BenchmarkTest01518697,unknown,unknown,0
BenchmarkTest01518698,unknown,unknown,0
BenchmarkTest01518699,unknown,unknown,0
BenchmarkTest00123700,unknown,unknown,0
BenchmarkTest00123701,unknown,unknown,0
BenchmarkTest00123702,unknown,unknown,0
BenchmarkTest00123703,unknown,unknown,0
BenchmarkTest00123704,unknown,unknown,0
BenchmarkTest00123705,unknown,unknown,0
BenchmarkTest00123706,unknown,unknown,0
BenchmarkTest00123707,unknown,unknown,0
BenchmarkTest00123708,unknown,unknown,0
BenchmarkTest00123709,unknown,unknown,0
BenchmarkTest01228710,unknown,unknown,0
BenchmarkTest01228711,unknown,unknown,0
BenchmarkTest01228712,unknown,unknown,0
BenchmarkTest01228713,unknown,unknown,0
BenchmarkTest01228714,unknown,unknown,0
BenchmarkTest01228715,unknown,unknown,0
BenchmarkTest01228716,unknown,unknown,0
BenchmarkTest01228717,unknown,unknown,0
BenchmarkTest01228718,unknown,unknown,0
BenchmarkTest01228719,unknown,unknown,0
BenchmarkTest00902720,unknown,unknown,0
BenchmarkTest00902721,unknown,unknown,0
BenchmarkTest00902722,unknown,unknown,0
BenchmarkTest00902723,unknown,unknown,0
BenchmarkTest00902724,unknown,unknown,0
BenchmarkTest00902725,unknown,unknown,0
BenchmarkTest00902726,unknown,unknown,0
BenchmarkTest00902727,unknown,unknown,0
BenchmarkTest00902728,unknown,unknown,0
BenchmarkTest00902729,unknown,unknown,0
BenchmarkTest00855730,unknown,unknown,0
BenchmarkTest00855731,unknown,unknown,0
BenchmarkTest00855732,unknown,unknown,0
BenchmarkTest00855733,unknown,unknown,0
BenchmarkTest00855734,unknown,unknown,0
BenchmarkTest00855735,unknown,unknown,0
BenchmarkTest00855736,unknown,unknown,0
BenchmarkTest00855737,unknown,unknown,0
BenchmarkTest00855738,unknown,unknown,0
BenchmarkTest00855739,unknown,unknown,0
BenchmarkTest02418740,unknown,unknown,0
BenchmarkTest02418741,unknown,unknown,0
BenchmarkTest02418742,unknown,unknown,0
BenchmarkTest02418743,unknown,unknown,0
BenchmarkTest02418744,unknown,unknown,0
BenchmarkTest02418745,unknown,unknown,0
BenchmarkTest02418746,unknown,unknown,0
BenchmarkTest02418747,unknown,unknown,0
BenchmarkTest02418748,unknown,unknown,0
BenchmarkTest02418749,unknown,unknown,0
BenchmarkTest02629750,unknown,unknown,0
BenchmarkTest02629751,unknown,unknown,0
BenchmarkTest02629752,unknown,unknown,0
BenchmarkTest02629753,unknown,unknown,0
BenchmarkTest02629754,unknown,unknown,0
BenchmarkTest02629755,unknown,unknown,0
BenchmarkTest02629756,unknown,unknown,0
BenchmarkTest02629757,unknown,unknown,0
BenchmarkTest02629758,unknown,unknown,0
BenchmarkTest02629759,unknown,unknown,0
BenchmarkTest01323760,unknown,unknown,0
BenchmarkTest01323761,unknown,unknown,0
BenchmarkTest01323762,unknown,unknown,0
BenchmarkTest01323763,unknown,unknown,0
BenchmarkTest01323764,unknown,unknown,0
BenchmarkTest01323765,unknown,unknown,0
BenchmarkTest01323766,unknown,unknown,0
BenchmarkTest01323767,unknown,unknown,0
BenchmarkTest01323768,unknown,unknown,0
BenchmarkTest01323769,unknown,unknown,0
BenchmarkTest01857770,unknown,unknown,0
BenchmarkTest01857771,unknown,unknown,0
BenchmarkTest01857772,unknown,unknown,0
BenchmarkTest01857773,unknown,unknown,0
BenchmarkTest01857774,unknown,unknown,0
BenchmarkTest01857775,unknown,unknown,0
BenchmarkTest01857776,unknown,unknown,0
BenchmarkTest01857777,unknown,unknown,0
BenchmarkTest01857778,unknown,unknown,0
BenchmarkTest01857779,unknown,unknown,0
BenchmarkTest00005780,unknown,unknown,0
BenchmarkTest00005781,unknown,unknown,0
BenchmarkTest00005782,unknown,unknown,0
BenchmarkTest00005783,unknown,unknown,0
BenchmarkTest00005784,unknown,unknown,0
BenchmarkTest00005785,unknown,unknown,0
BenchmarkTest00005786,unknown,unknown,0
BenchmarkTest00005787,unknown,unknown,0
BenchmarkTest00005788,unknown,unknown,0
BenchmarkTest00005789,unknown,unknown,0
BenchmarkTest01105790,unknown,unknown,0
BenchmarkTest01105791,unknown,unknown,0
BenchmarkTest01105792,unknown,unknown,0
BenchmarkTest01105793,unknown,unknown,0
BenchmarkTest01105794,unknown,unknown,0
BenchmarkTest01105795,unknown,unknown,0
BenchmarkTest01105796,unknown,unknown,0
BenchmarkTest01105797,unknown,unknown,0
BenchmarkTest01105798,unknown,unknown,0
BenchmarkTest01105799,unknown,unknown,0
BenchmarkTest01011800,unknown,unknown,0
BenchmarkTest01011801,unknown,unknown,0
BenchmarkTest01011802,unknown,unknown,0
BenchmarkTest01011803,unknown,unknown,0
BenchmarkTest01011804,unknown,unknown,0
BenchmarkTest01011805,unknown,unknown,0
BenchmarkTest01011806,unknown,unknown,0
BenchmarkTest01011807,unknown,unknown,0
BenchmarkTest01011808,unknown,unknown,0
BenchmarkTest01011809,unknown,unknown,0
BenchmarkTest02419810,unknown,unknown,0
BenchmarkTest02419811,unknown,unknown,0
BenchmarkTest02419812,unknown,unknown,0
BenchmarkTest02419813,unknown,unknown,0
BenchmarkTest02419814,unknown,unknown,0
BenchmarkTest02419815,unknown,unknown,0
BenchmarkTest02419816,unknown,unknown,0
BenchmarkTest02419817,unknown,unknown,0
BenchmarkTest02419818,unknown,unknown,0
BenchmarkTest02419819,unknown,unknown,0
BenchmarkTest02338820,unknown,unknown,0
BenchmarkTest02338821,unknown,unknown,0
BenchmarkTest02338822,unknown,unknown,0
BenchmarkTest02338823,unknown,unknown,0
BenchmarkTest02338824,unknown,unknown,0
BenchmarkTest02338825,unknown,unknown,0
BenchmarkTest02338826,unknown,unknown,0
BenchmarkTest02338827,unknown,unknown,0
BenchmarkTest02338828,unknown,unknown,0
BenchmarkTest02338829,unknown,unknown,0
BenchmarkTest00328830,unknown,unknown,0
BenchmarkTest00328831,unknown,unknown,0
BenchmarkTest00328832,unknown,unknown,0
BenchmarkTest00328833,unknown,unknown,0
BenchmarkTest00328834,unknown,unknown,0
BenchmarkTest00328835,unknown,unknown,0
BenchmarkTest00328836,unknown,unknown,0
BenchmarkTest00328837,unknown,unknown,0
BenchmarkTest00328838,unknown,unknown,0
BenchmarkTest00328839,unknown,unknown,0
BenchmarkTest01391840,unknown,unknown,0
BenchmarkTest01391841,unknown,unknown,0
BenchmarkTest01391842,unknown,unknown,0
BenchmarkTest01391843,unknown,unknown,0
BenchmarkTest01391844,unknown,unknown,0
BenchmarkTest01391845,unknown,unknown,0
BenchmarkTest01391846,unknown,unknown,0
BenchmarkTest01391847,unknown,unknown,0
BenchmarkTest01391848,unknown,unknown,0
BenchmarkTest01391849,unknown,unknown,0
BenchmarkTest01860850,unknown,unknown,0
BenchmarkTest01860851,unknown,unknown,0
BenchmarkTest01860852,unknown,unknown,0
BenchmarkTest01860853,unknown,unknown,0
BenchmarkTest01860854,unknown,unknown,0
BenchmarkTest01860855,unknown,unknown,0
BenchmarkTest01860856,unknown,unknown,0
BenchmarkTest01860857,unknown,unknown,0
BenchmarkTest01860858,unknown,unknown,0
BenchmarkTest01860859,unknown,unknown,0
BenchmarkTest02019860,unknown,unknown,0
BenchmarkTest02019861,unknown,unknown,0
BenchmarkTest02019862,unknown,unknown,0
BenchmarkTest02019863,unknown,unknown,0
BenchmarkTest02019864,unknown,unknown,0
BenchmarkTest02019865,unknown,unknown,0
BenchmarkTest02019866,unknown,unknown,0
BenchmarkTest02019867,unknown,unknown,0
BenchmarkTest02019868,unknown,unknown,0
BenchmarkTest02019869,unknown,unknown,0
BenchmarkTest01715870,unknown,unknown,0
BenchmarkTest01715871,unknown,unknown,0
BenchmarkTest01715872,unknown,unknown,0
BenchmarkTest01715873,unknown,unknown,0
BenchmarkTest01715874,unknown,unknown,0
BenchmarkTest01715875,unknown,unknown,0
BenchmarkTest01715876,unknown,unknown,0
BenchmarkTest01715877,unknown,unknown,0
BenchmarkTest01715878,unknown,unknown,0
BenchmarkTest01715879,unknown,unknown,0
BenchmarkTest02505880,unknown,unknown,0
BenchmarkTest02505881,unknown,unknown,0
BenchmarkTest02505882,unknown,unknown,0
BenchmarkTest02505883,unknown,unknown,0
BenchmarkTest02505884,unknown,unknown,0
BenchmarkTest02505885,unknown,unknown,0
BenchmarkTest02505886,unknown,unknown,0
BenchmarkTest02505887,unknown,unknown,0
BenchmarkTest02505888,unknown,unknown,0
BenchmarkTest02505889,unknown,unknown,0
BenchmarkTest01219890,unknown,unknown,0
BenchmarkTest01219891,unknown,unknown,0
BenchmarkTest01219892,unknown,unknown,0
BenchmarkTest01219893,unknown,unknown,0
BenchmarkTest01219894,unknown,unknown,0
BenchmarkTest01219895,unknown,unknown,0
BenchmarkTest01219896,unknown,unknown,0
BenchmarkTest01219897,unknown,unknown,0
BenchmarkTest01219898,unknown,unknown,0
BenchmarkTest01219899,unknown,unknown,0
BenchmarkTest02499900,unknown,unknown,0
BenchmarkTest02499901,unknown,unknown,0
BenchmarkTest02499902,unknown,unknown,0
BenchmarkTest02499903,unknown,unknown,0
BenchmarkTest02499904,unknown,unknown,0
BenchmarkTest02499905,unknown,unknown,0
BenchmarkTest02499906,unknown,unknown,0
BenchmarkTest02499907,unknown,unknown,0
BenchmarkTest02499908,unknown,unknown,0
BenchmarkTest02499909,unknown,unknown,0
BenchmarkTest01933910,unknown,unknown,0
BenchmarkTest01933911,unknown,unknown,0
BenchmarkTest01933912,unknown,unknown,0
BenchmarkTest01933913,unknown,unknown,0
BenchmarkTest01933914,unknown,unknown,0
BenchmarkTest01933915,unknown,unknown,0
BenchmarkTest01933916,unknown,unknown,0
BenchmarkTest01933917,unknown,unknown,0
BenchmarkTest01933918,unknown,unknown,0
BenchmarkTest01933919,unknown,unknown,0
BenchmarkTest01676920,unknown,unknown,0
BenchmarkTest01676921,unknown,unknown,0
BenchmarkTest01676922,unknown,unknown,0
BenchmarkTest01676923,unknown,unknown,0
BenchmarkTest01676924,unknown,unknown,0
BenchmarkTest01676925,unknown,unknown,0
BenchmarkTest01676926,unknown,unknown,0
BenchmarkTest01676927,unknown,unknown,0
BenchmarkTest01676928,unknown,unknown,0
BenchmarkTest01676929,unknown,unknown,0
BenchmarkTest00192930,unknown,unknown,0
BenchmarkTest00192931,unknown,unknown,0
BenchmarkTest00192932,unknown,unknown,0
BenchmarkTest00192933,unknown,unknown,0
BenchmarkTest00192934,unknown,unknown,0
BenchmarkTest00192935,unknown,unknown,0
BenchmarkTest00192936,unknown,unknown,0
BenchmarkTest00192937,unknown,unknown,0
BenchmarkTest00192938,unknown,unknown,0
BenchmarkTest00192939,unknown,unknown,0
BenchmarkTest02651940,unknown,unknown,0
BenchmarkTest02651941,unknown,unknown,0
BenchmarkTest02651942,unknown,unknown,0
BenchmarkTest02651943,unknown,unknown,0
BenchmarkTest02651944,unknown,unknown,0
BenchmarkTest02651945,unknown,unknown,0
BenchmarkTest02651946,unknown,unknown,0
BenchmarkTest02651947,unknown,unknown,0
BenchmarkTest02651948,unknown,unknown,0
BenchmarkTest02651949,unknown,unknown,0
BenchmarkTest00296950,unknown,unknown,0
BenchmarkTest00296951,unknown,unknown,0
BenchmarkTest00296952,unknown,unknown,0
BenchmarkTest00296953,unknown,unknown,0
BenchmarkTest00296954,unknown,unknown,0
BenchmarkTest00296955,unknown,unknown,0
BenchmarkTest00296956,unknown,unknown,0
BenchmarkTest00296957,unknown,unknown,0
BenchmarkTest00296958,unknown,unknown,0
BenchmarkTest00296959,unknown,unknown,0
BenchmarkTest00997960,unknown,unknown,0
BenchmarkTest00997961,unknown,unknown,0
BenchmarkTest00997962,unknown,unknown,0
BenchmarkTest00997963,unknown,unknown,0
BenchmarkTest00997964,unknown,unknown,0
BenchmarkTest00997965,unknown,unknown,0
BenchmarkTest00997966,unknown,unknown,0
BenchmarkTest00997967,unknown,unknown,0
BenchmarkTest00997968,unknown,unknown,0
BenchmarkTest00997969,unknown,unknown,0
BenchmarkTest01622970,unknown,unknown,0
BenchmarkTest01622971,unknown,unknown,0
BenchmarkTest01622972,unknown,unknown,0
BenchmarkTest01622973,unknown,unknown,0
BenchmarkTest01622974,unknown,unknown,0
BenchmarkTest01622975,unknown,unknown,0
BenchmarkTest01622976,unknown,unknown,0
BenchmarkTest01622977,unknown,unknown,0
BenchmarkTest01622978,unknown,unknown,0
BenchmarkTest01622979,unknown,unknown,0
BenchmarkTest00234980,unknown,unknown,0
BenchmarkTest00234981,unknown,unknown,0
BenchmarkTest00234982,unknown,unknown,0
BenchmarkTest00234983,unknown,unknown,0
BenchmarkTest00234984,unknown,unknown,0
BenchmarkTest00234985,unknown,unknown,0
BenchmarkTest00234986,unknown,unknown,0
BenchmarkTest00234987,unknown,unknown,0
BenchmarkTest00234988,unknown,unknown,0
BenchmarkTest00234989,unknown,unknown,0
BenchmarkTest00080990,unknown,unknown,0
BenchmarkTest00080991,unknown,unknown,0
BenchmarkTest00080992,unknown,unknown,0
BenchmarkTest00080993,unknown,unknown,0
BenchmarkTest00080994,unknown,unknown,0
BenchmarkTest00080995,unknown,unknown,0
BenchmarkTest00080996,unknown,unknown,0
BenchmarkTest00080997,unknown,unknown,0
BenchmarkTest00080998,unknown,unknown,0
BenchmarkTest00080999,unknown,unknown,0
