# test name, category, CWE, real vulnerability, identified by tool, pass/fail, tool CWEs, Benchmark version: 1.2, Actual results generated: 2024-03-28
BenchmarkTest000670, unknown, 0, unknown, unknown, null, "[330]"
BenchmarkTest000671, unknown, 0, unknown, unknown, null, "[330]"
BenchmarkTest000672, unknown, 0, unknown, unknown, null, "[330]"
BenchmarkTest000673, unknown, 0, unknown, unknown, null, "[330]"
BenchmarkTest000674, unknown, 0, unknown, unknown, null, "[330]"
BenchmarkTest000675, unknown, 0, unknown, unknown, null, "[330]"
BenchmarkTest000676, unknown, 0, unknown, unknown, null, "[330]"
BenchmarkTest000677, unknown, 0, unknown, unknown, null, "[330]"
BenchmarkTest000678, unknown, 0, unknown, unknown, null, "[330]"
BenchmarkTest000679, unknown, 0, unknown, unknown, null, "[330]"
BenchmarkTest0006710, unknown, 0, unknown, unknown, null, "[330]"
BenchmarkTest0006711, unknown, 0, unknown, unknown, null, "[330]"
BenchmarkTest0006712, unknown, 0, unknown, unknown, null, "[330]"
BenchmarkTest0006713, unknown, 0, unknown, unknown, null, "[330]"
BenchmarkTest0006714, unknown, 0, unknown, unknown, null, "[330]"
BenchmarkTest0006715, unknown, 0, unknown, unknown, null, "[330]"
BenchmarkTest0006716, unknown, 0, unknown, unknown, null, "[330]"
BenchmarkTest0006717, unknown, 0, unknown, unknown, null, "[330]"
BenchmarkTest0006718, unknown, 0, unknown, unknown, null, "[330]"
BenchmarkTest0006719, unknown, 0, unknown, unknown, null, "[330]"
BenchmarkTest0006720, unknown, 0, unknown, unknown, null, "[330]"
BenchmarkTest0006721, unknown, 0, unknown, unknown, null, "[330]"
BenchmarkTest0006722, unknown, 0, unknown, unknown, null, "[330]"
BenchmarkTest0006723, unknown, 0, unknown, unknown, null, "[330]"
BenchmarkTest0006724, unknown, 0, unknown, unknown, null, "[330]"
BenchmarkTest0006725, unknown, 0, unknown, unknown, null, "[330]"
BenchmarkTest0006726, unknown, 0, unknown, unknown, null, "[330]"
BenchmarkTest0006727, unknown, 0, unknown, unknown, null, "[330]"
BenchmarkTest0006728, unknown, 0, unknown, unknown, null, "[330]"
BenchmarkTest0006729, unknown, 0, unknown, unknown, null, "[330]"
BenchmarkTest0006730, unknown, 0, unknown, unknown, null, "[330]"
BenchmarkTest0006731, unknown, 0, unknown, unknown, null, "[330]"
BenchmarkTest0006732, unknown, 0, unknown, unknown, null, "[330]"
BenchmarkTest0006733, unknown, 0, unknown, unknown, null, "[330]"
BenchmarkTest0006734, unknown, 0, unknown, unknown, null, "[330]"
BenchmarkTest0006735, unknown, 0, unknown, unknown, null, "[330]"
BenchmarkTest0006736, unknown, 0, unknown, unknown, null, "[330]"
BenchmarkTest0006737, unknown, 0, unknown, unknown, null, "[330]"
BenchmarkTest0006738, unknown, 0, unknown, unknown, null, "[330]"
BenchmarkTest0006739, unknown, 0, unknown, unknown, null, "[330]"
BenchmarkTest0006740, unknown, 0, unknown, unknown, null, "[330]"
BenchmarkTest0006741, unknown, 0, unknown, unknown, null, "[330]"
BenchmarkTest0006742, unknown, 0, unknown, unknown, null, "[330]"
BenchmarkTest0006743, unknown, 0, unknown, unknown, null, "[330]"
BenchmarkTest0006744, unknown, 0, unknown, unknown, null, "[330]"
BenchmarkTest0006745, unknown, 0, unknown, unknown, null, "[330]"
BenchmarkTest0006746, unknown, 0, unknown, unknown, null, "[330]"
BenchmarkTest0006747, unknown, 0, unknown, unknown, null, "[330]"
BenchmarkTest0006748, unknown, 0, unknown, unknown, null, "[330]"
BenchmarkTest0006749, unknown, 0, unknown, unknown, null, "[330]"
BenchmarkTest0006750, unknown, 0, unknown, unknown, null, "[330]"
BenchmarkTest0006751, unknown, 0, unknown, unknown, null, "[330]"
BenchmarkTest0006752, unknown, 0, unknown, unknown, null, "[330]"
BenchmarkTest0006753, unknown, 0, unknown, unknown, null, "[330]"
BenchmarkTest0006754, unknown, 0, unknown, unknown, null, "[330]"
BenchmarkTest0006755, unknown, 0, unknown, unknown, null, "[330]"
BenchmarkTest0006756, unknown, 0, unknown, unknown, null, "[330]"
BenchmarkTest0006757, unknown, 0, unknown, unknown, null, "[330]"
BenchmarkTest0006758, unknown, 0, unknown, unknown, null, "[330]"
BenchmarkTest0006759, unknown, 0, unknown, unknown, null, "[330]"
BenchmarkTest0006760, unknown, 0, unknown, unknown, null, "[330]"
BenchmarkTest0006761, unknown, 0, unknown, unknown, null, "[330]"
BenchmarkTest0006762, unknown, 0, unknown, unknown, null, "[330]"
BenchmarkTest0006763, unknown, 0, unknown, unknown, null, "[330]"
BenchmarkTest0006764, unknown, 0, unknown, unknown, null, "[330]"
BenchmarkTest0006765, unknown, 0, unknown, unknown, null, "[330]"
BenchmarkTest0006766, unknown, 0, unknown, unknown, null, "[330]"
BenchmarkTest0006767, unknown, 0, unknown, unknown, null, "[330]"
BenchmarkTest0006768, unknown, 0, unknown, unknown, null, "[330]"
BenchmarkTest0006769, unknown, 0, unknown, unknown, null, "[330]"
BenchmarkTest0006770, unknown, 0, unknown, unknown, null, "[330]"
BenchmarkTest0006771, unknown, 0, unknown, unknown, null, "[330]"
BenchmarkTest0006772, unknown, 0, unknown, unknown, null, "[330]"
BenchmarkTest0006773, unknown, 0, unknown, unknown, null, "[330]"
BenchmarkTest0006774, unknown, 0, unknown, unknown, null, "[330]"
BenchmarkTest0006775, unknown, 0, unknown, unknown, null, "[330]"
BenchmarkTest0006776, unknown, 0, unknown, unknown, null, "[330]"
BenchmarkTest0006777, unknown, 0, unknown, unknown, null, "[330]"
BenchmarkTest0006778, unknown, 0, unknown, unknown, null, "[330]"
BenchmarkTest0006779, unknown, 0, unknown, unknown, null, "[330]"
BenchmarkTest0006780, unknown, 0, unknown, unknown, null, "[330]"
BenchmarkTest0006781, unknown, 0, unknown, unknown, null, "[330]"
BenchmarkTest0006782, unknown, 0, unknown, unknown, null, "[330]"
BenchmarkTest0006783, unknown, 0, unknown, unknown, null, "[330]"
BenchmarkTest0006784, unknown, 0, unknown, unknown, null, "[330]"
BenchmarkTest0006785, unknown, 0, unknown, unknown, null, "[330]"
BenchmarkTest0006786, unknown, 0, unknown, unknown, null, "[330]"
BenchmarkTest0006787, unknown, 0, unknown, unknown, null, "[330]"
BenchmarkTest0006788, unknown, 0, unknown, unknown, null, "[330]"
BenchmarkTest0006789, unknown, 0, unknown, unknown, null, "[330]"
BenchmarkTest0006790, unknown, 0, unknown, unknown, null, "[330]"
BenchmarkTest0006791, unknown, 0, unknown, unknown, null, "[330]"
BenchmarkTest0006792, unknown, 0, unknown, unknown, null, "[330]"
BenchmarkTest0006793, unknown, 0, unknown, unknown, null, "[330]"
BenchmarkTest0006794, unknown, 0, unknown, unknown, null, "[330]"
BenchmarkTest0006795, unknown, 0, unknown, unknown, null, "[330]"
BenchmarkTest0006796, unknown, 0, unknown, unknown, null, "[330]"
BenchmarkTest0006797, unknown, 0, unknown, unknown, null, "[330]"
BenchmarkTest0006798, unknown, 0, unknown, unknown, null, "[330]"
BenchmarkTest0006799, unknown, 0, unknown, unknown, null, "[330]"
